print_number,layer,timestamp,print_speed_mms,roi_max,roi_mean,roi_std,roi_min,frame_max,frame_mean,hotend_actual,hotend_target,bed_actual,bed_target,roi_skip_top,roi_n_rows,source_file,speed_from_filename_mms,in_target_window
1,1,2026-06-11 10:45:13,100.0,41.16,25.76,3.63,16.34,74.44,28.66,222.94,220.0,60.59,60.0,30,20,print_001_100mms_20260611_104506.csv,100.0,True
1,2,2026-06-11 10:45:18,100.0,40.84,25.86,3.74,17.25,73.25,28.73,221.14,220.0,60.08,60.0,30,20,print_001_100mms_20260611_104506.csv,100.0,True
1,3,2026-06-11 10:45:26,100.0,40.75,25.75,3.75,17.84,72.56,28.56,219.36,220.0,59.53,60.0,30,20,print_001_100mms_20260611_104506.csv,100.0,True
1,4,2026-06-11 10:45:31,100.0,40.56,24.36,4.22,15.95,73.12,27.74,217.96,220.0,59.4,60.0,30,20,print_001_100mms_20260611_104506.csv,100.0,True
1,5,2026-06-11 10:45:39,100.0,40.34,24.58,4.21,16.95,72.94,27.94,217.56,220.0,59.43,60.0,30,20,print_001_100mms_20260611_104506.csv,100.0,True
1,6,2026-06-11 10:45:44,100.0,40.84,24.63,4.23,17.34,73.94,28.11,217.68,220.0,59.46,60.0,30,20,print_001_100mms_20260611_104506.csv,100.0,True
1,7,2026-06-11 10:45:52,100.0,40.94,24.69,4.24,17.34,72.62,28.18,218.22,220.0,59.5,60.0,30,20,print_001_100mms_20260611_104506.csv,100.0,True
1,8,2026-06-11 10:45:57,100.0,41.16,24.68,4.27,16.66,74.88,28.21,218.72,220.0,59.64,60.0,30,20,print_001_100mms_20260611_104506.csv,100.0,True
1,9,2026-06-11 10:46:05,100.0,40.34,24.73,4.19,17.16,73.44,28.26,219.39,220.0,59.75,60.0,30,20,print_001_100mms_20260611_104506.csv,100.0,True
1,10,2026-06-11 10:46:10,100.0,40.25,25.65,3.83,17.16,72.44,28.88,219.57,220.0,59.79,60.0,30,20,print_001_100mms_20260611_104506.csv,100.0,True
1,11,2026-06-11 10:46:18,100.0,40.84,25.99,3.85,17.34,73.38,28.98,219.92,220.0,59.94,60.0,30,20,print_001_100mms_20260611_104506.csv,100.0,True
1,12,2026-06-11 10:46:23,100.0,41.66,24.75,4.32,16.95,73.88,28.41,220.32,220.0,59.97,60.0,30,20,print_001_100mms_20260611_104506.csv,100.0,True
1,13,2026-06-11 10:46:31,100.0,40.94,24.68,4.35,17.34,73.94,28.5,220.15,220.0,60.01,60.0,30,20,print_001_100mms_20260611_104506.csv,100.0,True
1,14,2026-06-11 10:46:36,100.0,40.66,24.7,4.39,16.16,72.88,28.6,220.3,220.0,60.04,60.0,30,20,print_001_100mms_20260611_104506.csv,100.0,True
1,15,2026-06-11 10:46:43,100.0,42.06,24.8,4.18,17.45,74.38,28.73,220.21,220.0,59.96,60.0,30,20,print_001_100mms_20260611_104506.csv,100.0,True
1,16,2026-06-11 10:46:48,100.0,40.16,25.32,4.08,16.34,73.56,28.93,220.3,220.0,60.06,60.0,30,20,print_001_100mms_20260611_104506.csv,100.0,True
1,17,2026-06-11 10:46:56,100.0,41.16,25.27,4.09,16.55,73.75,28.92,220.08,220.0,60.13,60.0,30,20,print_001_100mms_20260611_104506.csv,100.0,True
1,18,2026-06-11 10:47:01,100.0,41.06,25.1,4.27,17.05,73.38,29.01,220.04,220.0,60.06,60.0,30,20,print_001_100mms_20260611_104506.csv,100.0,True
1,19,2026-06-11 10:47:09,100.0,40.25,24.99,4.27,16.84,73.06,28.92,220.02,220.0,60.02,60.0,30,20,print_001_100mms_20260611_104506.csv,100.0,True
1,20,2026-06-11 10:47:14,100.0,41.94,25.04,4.27,17.25,72.75,28.96,220.06,220.0,59.97,60.0,30,20,print_001_100mms_20260611_104506.csv,100.0,True
1,21,2026-06-11 10:47:22,100.0,41.34,24.99,4.28,17.45,74.12,28.99,219.98,220.0,59.96,60.0,30,20,print_001_100mms_20260611_104506.csv,100.0,True
1,22,2026-06-11 10:47:27,100.0,40.84,24.79,4.33,17.05,73.94,28.93,219.97,220.0,59.98,60.0,30,20,print_001_100mms_20260611_104506.csv,100.0,True
1,23,2026-06-11 10:47:35,100.0,40.75,24.33,4.44,17.05,74.94,28.69,219.98,220.0,59.98,60.0,30,20,print_001_100mms_20260611_104506.csv,100.0,True
1,24,2026-06-11 10:47:40,100.0,41.34,25.15,4.3,16.95,76.06,29.14,220.08,220.0,60.01,60.0,30,20,print_001_100mms_20260611_104506.csv,100.0,True
1,25,2026-06-11 10:47:48,100.0,41.06,24.88,4.52,16.75,75.38,29.04,220.13,220.0,59.96,60.0,30,20,print_001_100mms_20260611_104506.csv,100.0,True
1,26,2026-06-11 10:47:53,100.0,40.44,25.53,4.26,17.34,75.62,29.41,220.13,220.0,59.97,60.0,30,20,print_001_100mms_20260611_104506.csv,100.0,True
1,27,2026-06-11 10:48:01,100.0,41.34,24.44,4.49,16.45,76.06,29.1,220.04,220.0,59.97,60.0,30,20,print_001_100mms_20260611_104506.csv,100.0,True
1,28,2026-06-11 10:48:06,100.0,41.25,24.76,4.37,17.16,76.38,29.11,220.06,220.0,59.98,60.0,30,20,print_001_100mms_20260611_104506.csv,100.0,True
1,29,2026-06-11 10:48:14,100.0,40.66,24.93,4.41,16.75,76.25,29.24,220.13,220.0,60.01,60.0,30,20,print_001_100mms_20260611_104506.csv,100.0,True
1,30,2026-06-11 10:48:19,100.0,41.56,24.79,4.41,16.95,76.06,29.16,220.02,220.0,60.09,60.0,30,20,print_001_100mms_20260611_104506.csv,100.0,True
1,31,2026-06-11 10:48:24,100.0,42.16,24.79,4.42,16.75,77.38,29.19,220.0,220.0,60.0,60.0,30,20,print_001_100mms_20260611_104506.csv,100.0,True
1,32,2026-06-11 10:48:29,100.0,42.16,24.08,4.5,16.95,76.12,28.72,220.0,220.0,60.02,60.0,30,20,print_001_100mms_20260611_104506.csv,100.0,True
1,33,2026-06-11 10:48:37,100.0,41.34,25.18,4.3,17.66,76.94,29.41,220.04,220.0,59.93,60.0,30,20,print_001_100mms_20260611_104506.csv,100.0,True
1,34,2026-06-11 10:48:42,100.0,41.56,24.91,4.48,16.16,77.12,29.27,220.04,220.0,60.01,60.0,30,20,print_001_100mms_20260611_104506.csv,100.0,True
1,35,2026-06-11 10:48:50,100.0,41.06,24.28,4.4,17.34,76.56,29.02,220.02,220.0,60.05,60.0,30,20,print_001_100mms_20260611_104506.csv,100.0,True
1,36,2026-06-11 10:48:55,100.0,40.66,24.07,4.52,16.34,75.38,28.92,219.94,220.0,59.92,60.0,30,20,print_001_100mms_20260611_104506.csv,100.0,True
1,37,2026-06-11 10:49:03,100.0,42.25,24.08,4.56,16.95,76.06,28.93,220.06,220.0,60.01,60.0,30,20,print_001_100mms_20260611_104506.csv,100.0,True
1,38,2026-06-11 10:49:08,100.0,40.94,24.14,4.54,16.75,74.94,29.0,219.98,220.0,59.98,60.0,30,20,print_001_100mms_20260611_104506.csv,100.0,True
1,39,2026-06-11 10:49:16,100.0,42.66,24.94,4.33,17.25,75.06,29.52,220.08,220.0,59.97,60.0,30,20,print_001_100mms_20260611_104506.csv,100.0,True
1,40,2026-06-11 10:49:21,100.0,43.16,24.56,4.45,15.95,74.38,29.26,220.08,220.0,59.98,60.0,30,20,print_001_100mms_20260611_104506.csv,100.0,True
1,41,2026-06-11 10:49:29,100.0,41.56,24.26,4.51,16.84,75.62,29.17,220.06,220.0,60.04,60.0,30,20,print_001_100mms_20260611_104506.csv,100.0,True
1,42,2026-06-11 10:49:34,100.0,42.16,24.29,4.56,16.66,75.88,29.2,220.0,220.0,60.02,60.0,30,20,print_001_100mms_20260611_104506.csv,100.0,True
1,43,2026-06-11 10:49:41,100.0,41.34,24.23,4.61,17.16,74.88,29.18,220.02,220.0,60.02,60.0,30,20,print_001_100mms_20260611_104506.csv,100.0,True
1,44,2026-06-11 10:49:47,100.0,41.84,24.21,4.6,16.66,75.56,29.2,219.98,220.0,60.08,60.0,30,20,print_001_100mms_20260611_104506.csv,100.0,True
1,45,2026-06-11 10:49:54,100.0,41.84,25.38,4.34,17.55,76.75,29.96,219.97,220.0,59.94,60.0,30,20,print_001_100mms_20260611_104506.csv,100.0,True
1,46,2026-06-11 10:49:59,100.0,42.75,25.51,4.31,17.66,75.62,29.9,219.98,220.0,59.97,60.0,30,20,print_001_100mms_20260611_104506.csv,100.0,True
1,47,2026-06-11 10:50:05,100.0,42.06,25.62,4.26,17.25,76.44,30.01,220.06,220.0,60.08,60.0,30,20,print_001_100mms_20260611_104506.csv,100.0,True
1,48,2026-06-11 10:50:10,100.0,41.44,25.57,4.28,17.66,75.56,30.0,220.04,220.0,60.05,60.0,30,20,print_001_100mms_20260611_104506.csv,100.0,True
1,49,2026-06-11 10:50:18,100.0,42.06,27.03,3.95,17.25,75.56,31.09,219.94,220.0,59.98,60.0,30,20,print_001_100mms_20260611_104506.csv,100.0,True
1,50,2026-06-11 10:50:23,100.0,42.25,25.15,4.54,16.66,76.06,30.14,220.04,220.0,60.12,60.0,30,20,print_001_100mms_20260611_104506.csv,100.0,True
1,1,2026-06-11 10:34:59,130.0,38.44,25.56,3.2,17.16,73.75,28.34,219.33,220.0,59.42,60.0,30,20,print_001_130mms_20260611_103452.csv,130.0,False
1,2,2026-06-11 10:35:04,130.0,38.84,25.46,3.1,18.05,73.56,28.39,217.98,220.0,59.36,60.0,30,20,print_001_130mms_20260611_103452.csv,130.0,False
1,3,2026-06-11 10:35:12,130.0,38.56,25.53,3.09,17.66,72.75,28.41,217.63,220.0,59.39,60.0,30,20,print_001_130mms_20260611_103452.csv,130.0,False
1,4,2026-06-11 10:35:17,130.0,38.75,25.13,3.46,16.16,73.44,28.4,217.64,220.0,59.38,60.0,30,20,print_001_130mms_20260611_103452.csv,130.0,False
1,5,2026-06-11 10:35:25,130.0,38.56,25.49,3.07,16.55,73.25,28.57,218.27,220.0,59.55,60.0,30,20,print_001_130mms_20260611_103452.csv,130.0,False
1,6,2026-06-11 10:35:30,130.0,39.06,25.49,3.2,18.05,75.06,28.69,218.72,220.0,59.67,60.0,30,20,print_001_130mms_20260611_103452.csv,130.0,False
1,7,2026-06-11 10:35:38,130.0,37.75,25.44,3.15,18.25,73.12,28.66,219.07,220.0,59.81,60.0,30,20,print_001_130mms_20260611_103452.csv,130.0,False
1,8,2026-06-11 10:35:43,130.0,38.56,25.78,2.89,18.55,72.56,28.98,219.57,220.0,59.76,60.0,30,20,print_001_130mms_20260611_103452.csv,130.0,False
1,9,2026-06-11 10:35:51,130.0,38.94,25.99,2.77,19.05,73.62,29.26,219.94,220.0,59.89,60.0,30,20,print_001_130mms_20260611_103452.csv,130.0,False
1,10,2026-06-11 10:35:56,130.0,39.34,25.22,3.32,18.45,73.38,28.74,220.11,220.0,59.96,60.0,30,20,print_001_130mms_20260611_103452.csv,130.0,False
1,11,2026-06-11 10:36:04,130.0,39.75,25.45,3.38,18.16,74.12,28.84,220.17,220.0,60.13,60.0,30,20,print_001_130mms_20260611_103452.csv,130.0,False
1,12,2026-06-11 10:36:09,130.0,40.06,25.98,3.01,18.84,74.12,29.28,220.3,220.0,60.08,60.0,30,20,print_001_130mms_20260611_103452.csv,130.0,True
1,13,2026-06-11 10:36:17,130.0,38.25,25.67,3.31,18.16,73.44,29.09,220.13,220.0,60.06,60.0,30,20,print_001_130mms_20260611_103452.csv,130.0,False
1,14,2026-06-11 10:36:22,130.0,40.44,24.54,3.66,17.25,73.56,28.37,220.17,220.0,60.12,60.0,30,20,print_001_130mms_20260611_103452.csv,130.0,True
1,15,2026-06-11 10:36:29,130.0,38.66,25.32,3.64,17.05,72.88,28.88,220.13,220.0,59.98,60.0,30,20,print_001_130mms_20260611_103452.csv,130.0,False
1,16,2026-06-11 10:36:35,130.0,38.94,23.43,3.88,17.25,73.62,27.74,220.06,220.0,60.05,60.0,30,20,print_001_130mms_20260611_103452.csv,130.0,False
1,17,2026-06-11 10:36:40,130.0,39.56,23.54,3.91,16.66,72.94,27.83,220.11,220.0,60.05,60.0,30,20,print_001_130mms_20260611_103452.csv,130.0,False
1,18,2026-06-11 10:36:45,130.0,39.16,23.5,3.94,17.25,73.56,27.8,219.98,220.0,60.0,60.0,30,20,print_001_130mms_20260611_103452.csv,130.0,False
1,19,2026-06-11 10:36:50,130.0,39.34,23.49,3.89,17.25,74.75,27.8,219.95,220.0,60.02,60.0,30,20,print_001_130mms_20260611_103452.csv,130.0,False
1,20,2026-06-11 10:36:55,130.0,39.16,23.68,3.94,16.84,74.25,27.97,219.95,220.0,60.01,60.0,30,20,print_001_130mms_20260611_103452.csv,130.0,False
1,21,2026-06-11 10:37:03,130.0,39.84,23.76,3.93,16.66,75.38,27.99,220.08,220.0,59.96,60.0,30,20,print_001_130mms_20260611_103452.csv,130.0,False
1,22,2026-06-11 10:37:08,130.0,39.44,23.57,3.93,16.34,74.44,27.98,219.97,220.0,59.91,60.0,30,20,print_001_130mms_20260611_103452.csv,130.0,False
1,23,2026-06-11 10:37:13,130.0,39.16,23.62,3.9,17.05,76.38,28.07,220.02,220.0,59.87,60.0,30,20,print_001_130mms_20260611_103452.csv,130.0,False
1,24,2026-06-11 10:37:18,130.0,39.56,23.63,3.97,16.75,77.06,28.08,220.15,220.0,59.96,60.0,30,20,print_001_130mms_20260611_103452.csv,130.0,False
1,25,2026-06-11 10:37:23,130.0,39.66,23.63,3.96,16.16,76.12,28.06,220.11,220.0,60.01,60.0,30,20,print_001_130mms_20260611_103452.csv,130.0,False
1,26,2026-06-11 10:37:29,130.0,39.94,23.59,4.02,16.66,76.06,28.08,220.08,220.0,60.01,60.0,30,20,print_001_130mms_20260611_103452.csv,130.0,False
1,27,2026-06-11 10:37:36,130.0,39.44,23.62,3.98,17.25,76.25,28.11,220.13,220.0,59.89,60.0,30,20,print_001_130mms_20260611_103452.csv,130.0,False
1,28,2026-06-11 10:37:41,130.0,39.84,23.7,4.04,16.45,77.75,28.25,220.0,220.0,59.96,60.0,30,20,print_001_130mms_20260611_103452.csv,130.0,False
1,29,2026-06-11 10:37:49,130.0,40.56,23.7,4.02,16.84,76.88,28.25,220.04,220.0,60.02,60.0,30,20,print_001_130mms_20260611_103452.csv,130.0,True
1,30,2026-06-11 10:37:54,130.0,39.06,23.68,3.99,16.25,76.44,28.29,220.04,220.0,59.96,60.0,30,20,print_001_130mms_20260611_103452.csv,130.0,False
1,31,2026-06-11 10:38:02,130.0,40.56,23.7,3.97,16.66,76.06,28.3,220.0,220.0,59.97,60.0,30,20,print_001_130mms_20260611_103452.csv,130.0,True
1,32,2026-06-11 10:38:07,130.0,39.75,23.74,4.05,16.55,75.88,28.31,220.02,220.0,60.05,60.0,30,20,print_001_130mms_20260611_103452.csv,130.0,False
1,33,2026-06-11 10:38:15,130.0,40.66,23.8,4.03,16.45,75.56,28.41,220.04,220.0,60.05,60.0,30,20,print_001_130mms_20260611_103452.csv,130.0,True
1,34,2026-06-11 10:38:20,130.0,40.66,23.82,4.03,17.66,76.12,28.43,220.17,220.0,60.06,60.0,30,20,print_001_130mms_20260611_103452.csv,130.0,True
1,35,2026-06-11 10:38:28,130.0,41.75,23.74,4.07,16.34,76.88,28.48,220.06,220.0,59.97,60.0,30,20,print_001_130mms_20260611_103452.csv,130.0,True
1,36,2026-06-11 10:38:33,130.0,40.66,23.81,4.07,16.34,76.06,28.53,220.0,220.0,59.96,60.0,30,20,print_001_130mms_20260611_103452.csv,130.0,True
1,37,2026-06-11 10:38:41,130.0,40.06,23.84,4.08,16.75,76.25,28.55,220.0,220.0,59.97,60.0,30,20,print_001_130mms_20260611_103452.csv,130.0,True
1,38,2026-06-11 10:38:46,130.0,40.44,23.83,4.08,17.25,76.25,28.6,220.06,220.0,59.96,60.0,30,20,print_001_130mms_20260611_103452.csv,130.0,True
1,39,2026-06-11 10:38:54,130.0,40.84,23.77,4.12,16.95,75.44,28.63,219.98,220.0,60.02,60.0,30,20,print_001_130mms_20260611_103452.csv,130.0,True
1,40,2026-06-11 10:38:59,130.0,40.34,23.85,4.16,16.75,76.25,28.65,219.98,220.0,60.01,60.0,30,20,print_001_130mms_20260611_103452.csv,130.0,True
1,41,2026-06-11 10:39:06,130.0,40.16,23.79,4.15,17.34,76.38,28.67,220.0,220.0,60.0,60.0,30,20,print_001_130mms_20260611_103452.csv,130.0,True
1,42,2026-06-11 10:39:11,130.0,41.06,23.78,4.14,16.84,75.44,28.65,219.94,220.0,59.98,60.0,30,20,print_001_130mms_20260611_103452.csv,130.0,True
1,43,2026-06-11 10:39:19,130.0,41.44,23.82,4.17,17.45,75.62,28.71,220.06,220.0,60.0,60.0,30,20,print_001_130mms_20260611_103452.csv,130.0,True
1,44,2026-06-11 10:39:24,130.0,39.94,23.78,4.15,17.45,76.88,28.74,220.04,220.0,60.04,60.0,30,20,print_001_130mms_20260611_103452.csv,130.0,False
1,45,2026-06-11 10:39:29,130.0,40.56,23.77,4.18,17.25,75.44,28.76,220.02,220.0,60.01,60.0,30,20,print_001_130mms_20260611_103452.csv,130.0,True
1,46,2026-06-11 10:39:35,130.0,40.66,23.78,4.16,17.25,75.75,28.74,219.92,220.0,59.97,60.0,30,20,print_001_130mms_20260611_103452.csv,130.0,True
1,47,2026-06-11 10:39:45,130.0,40.84,23.78,4.15,17.16,76.06,28.78,,,,,30,20,print_001_130mms_20260611_103452.csv,130.0,True
1,48,2026-06-11 10:39:52,130.0,40.66,23.84,4.24,16.34,76.62,28.9,220.02,220.0,60.01,60.0,30,20,print_001_130mms_20260611_103452.csv,130.0,True
1,49,2026-06-11 10:39:57,130.0,40.66,23.84,4.22,15.75,76.06,28.92,219.98,220.0,60.01,60.0,30,20,print_001_130mms_20260611_103452.csv,130.0,True
1,50,2026-06-11 10:40:07,130.0,40.84,23.91,4.22,16.84,75.88,29.0,,,,,30,20,print_001_130mms_20260611_103452.csv,130.0,True
1,1,2026-06-11 10:13:38,170.0,31.84,23.87,2.4,18.25,73.75,26.21,219.74,220.0,59.61,60.0,30,20,print_001_170mms_20260611_101330.csv,170.0,False
1,2,2026-06-11 10:13:43,170.0,32.66,23.75,2.69,17.25,73.75,26.33,218.46,220.0,59.38,60.0,30,20,print_001_170mms_20260611_101330.csv,170.0,False
1,3,2026-06-11 10:13:50,170.0,32.66,23.81,2.63,17.66,72.62,26.39,217.44,220.0,59.4,60.0,30,20,print_001_170mms_20260611_101330.csv,170.0,False
1,4,2026-06-11 10:13:56,170.0,33.06,23.95,2.73,18.05,72.62,26.55,217.45,220.0,59.34,60.0,30,20,print_001_170mms_20260611_101330.csv,170.0,False
1,5,2026-06-11 10:14:06,170.0,33.06,23.47,2.89,17.34,72.25,26.63,,,,,30,20,print_001_170mms_20260611_101330.csv,170.0,False
1,6,2026-06-11 10:14:13,170.0,33.34,23.73,2.97,17.16,73.38,26.87,218.81,220.0,59.59,60.0,30,20,print_001_170mms_20260611_101330.csv,170.0,False
1,7,2026-06-11 10:14:18,170.0,34.94,23.68,3.03,16.84,74.44,26.84,219.21,220.0,59.73,60.0,30,20,print_001_170mms_20260611_101330.csv,170.0,False
1,8,2026-06-11 10:14:26,170.0,34.06,23.62,3.02,16.84,73.75,26.88,219.65,220.0,59.91,60.0,30,20,print_001_170mms_20260611_101330.csv,170.0,False
1,9,2026-06-11 10:14:31,170.0,33.75,23.76,2.71,16.45,72.44,27.06,219.87,220.0,59.87,60.0,30,20,print_001_170mms_20260611_101330.csv,170.0,False
1,10,2026-06-11 10:14:39,170.0,35.75,23.43,2.98,16.84,73.38,26.94,220.15,220.0,60.04,60.0,30,20,print_001_170mms_20260611_101330.csv,170.0,False
1,11,2026-06-11 10:14:44,170.0,33.75,23.78,2.76,15.85,72.88,27.05,220.17,220.0,60.06,60.0,30,20,print_001_170mms_20260611_101330.csv,170.0,False
1,12,2026-06-11 10:14:52,170.0,34.84,23.96,2.79,16.84,73.56,27.25,220.25,220.0,60.0,60.0,30,20,print_001_170mms_20260611_101330.csv,170.0,False
1,13,2026-06-11 10:14:57,170.0,34.25,23.54,2.79,17.05,74.25,27.07,220.15,220.0,60.01,60.0,30,20,print_001_170mms_20260611_101330.csv,170.0,False
1,14,2026-06-11 10:15:05,170.0,34.56,23.41,2.92,17.45,73.25,27.11,220.19,220.0,60.14,60.0,30,20,print_001_170mms_20260611_101330.csv,170.0,False
1,15,2026-06-11 10:15:10,170.0,34.25,23.95,2.87,15.95,73.56,27.26,220.11,220.0,60.06,60.0,30,20,print_001_170mms_20260611_101330.csv,170.0,False
1,16,2026-06-11 10:15:18,170.0,33.94,23.85,2.86,17.34,73.38,27.21,220.0,220.0,60.09,60.0,30,20,print_001_170mms_20260611_101330.csv,170.0,False
1,17,2026-06-11 10:15:23,170.0,34.84,23.85,2.95,17.45,73.75,27.36,220.02,220.0,60.09,60.0,30,20,print_001_170mms_20260611_101330.csv,170.0,False
1,18,2026-06-11 10:15:31,170.0,33.75,24.08,2.94,17.25,73.12,27.51,220.02,220.0,60.02,60.0,30,20,print_001_170mms_20260611_101330.csv,170.0,False
1,19,2026-06-11 10:15:36,170.0,35.56,23.48,2.89,17.25,74.88,27.45,220.08,220.0,60.01,60.0,30,20,print_001_170mms_20260611_101330.csv,170.0,False
1,20,2026-06-11 10:15:43,170.0,34.94,23.91,3.19,16.75,75.25,27.73,220.17,220.0,59.98,60.0,30,20,print_001_170mms_20260611_101330.csv,170.0,False
1,21,2026-06-11 10:15:49,170.0,34.94,24.09,3.04,17.34,74.38,27.77,220.02,220.0,60.0,60.0,30,20,print_001_170mms_20260611_101330.csv,170.0,False
1,22,2026-06-11 10:15:56,170.0,35.25,23.85,3.16,17.34,75.62,27.68,220.15,220.0,60.06,60.0,30,20,print_001_170mms_20260611_101330.csv,170.0,False
1,23,2026-06-11 10:16:01,170.0,35.16,24.05,3.04,17.16,76.88,27.78,220.21,220.0,60.0,60.0,30,20,print_001_170mms_20260611_101330.csv,170.0,False
1,24,2026-06-11 10:16:09,170.0,34.66,23.83,3.02,16.66,75.88,27.74,220.04,220.0,59.98,60.0,30,20,print_001_170mms_20260611_101330.csv,170.0,False
1,25,2026-06-11 10:16:14,170.0,36.34,23.9,3.15,17.05,76.12,27.46,220.08,220.0,59.98,60.0,30,20,print_001_170mms_20260611_101330.csv,170.0,False
1,26,2026-06-11 10:16:22,170.0,35.94,23.71,2.93,17.25,76.44,27.84,220.06,220.0,59.98,60.0,30,20,print_001_170mms_20260611_101330.csv,170.0,False
1,27,2026-06-11 10:16:27,170.0,35.94,24.62,2.95,17.75,76.56,28.41,219.98,220.0,60.02,60.0,30,20,print_001_170mms_20260611_101330.csv,170.0,False
1,28,2026-06-11 10:16:37,170.0,35.94,23.94,2.92,17.84,76.62,27.93,,,,,30,20,print_001_170mms_20260611_101330.csv,170.0,False
1,29,2026-06-11 10:16:42,170.0,35.66,24.17,2.97,16.84,76.38,28.1,220.19,220.0,59.94,60.0,30,20,print_001_170mms_20260611_101330.csv,170.0,False
1,30,2026-06-11 10:16:50,170.0,36.06,24.71,2.89,17.95,76.25,28.44,220.13,220.0,59.96,60.0,30,20,print_001_170mms_20260611_101330.csv,170.0,False
1,31,2026-06-11 10:16:55,170.0,36.25,24.09,3.14,17.05,76.38,28.23,220.11,220.0,59.97,60.0,30,20,print_001_170mms_20260611_101330.csv,170.0,False
1,32,2026-06-11 10:17:03,170.0,36.44,24.12,2.98,17.45,75.62,28.2,220.08,220.0,60.0,60.0,30,20,print_001_170mms_20260611_101330.csv,170.0,False
1,33,2026-06-11 10:17:08,170.0,36.66,24.75,2.54,18.25,76.12,28.44,219.94,220.0,60.02,60.0,30,20,print_001_170mms_20260611_101330.csv,170.0,False
1,34,2026-06-11 10:17:16,170.0,36.66,25.05,2.8,18.05,76.88,28.94,220.13,220.0,60.02,60.0,30,20,print_001_170mms_20260611_101330.csv,170.0,False
1,35,2026-06-11 10:17:21,170.0,36.94,24.51,2.77,18.66,77.06,28.31,220.11,220.0,60.01,60.0,30,20,print_001_170mms_20260611_101330.csv,170.0,False
1,36,2026-06-11 10:17:29,170.0,37.56,24.71,2.63,17.34,75.75,28.48,219.97,220.0,59.94,60.0,30,20,print_001_170mms_20260611_101330.csv,170.0,False
1,37,2026-06-11 10:17:34,170.0,38.84,25.15,2.92,17.75,76.56,28.58,219.98,220.0,59.96,60.0,30,20,print_001_170mms_20260611_101330.csv,170.0,False
1,38,2026-06-11 10:17:44,170.0,36.75,24.72,2.8,17.75,76.94,28.51,,,,,30,20,print_001_170mms_20260611_101330.csv,170.0,False
1,39,2026-06-11 10:17:52,170.0,37.25,24.88,2.83,17.16,76.94,28.98,219.95,220.0,59.97,60.0,30,20,print_001_170mms_20260611_101330.csv,170.0,False
1,40,2026-06-11 10:17:57,170.0,36.94,25.0,2.63,17.34,77.38,28.84,220.02,220.0,59.96,60.0,30,20,print_001_170mms_20260611_101330.csv,170.0,False
1,41,2026-06-11 10:18:04,170.0,37.84,25.06,2.7,17.95,76.94,28.9,219.97,220.0,60.02,60.0,30,20,print_001_170mms_20260611_101330.csv,170.0,False
1,42,2026-06-11 10:18:10,170.0,37.56,25.14,2.58,18.84,78.06,29.03,220.0,220.0,59.98,60.0,30,20,print_001_170mms_20260611_101330.csv,170.0,False
1,43,2026-06-11 10:18:17,170.0,36.66,24.39,2.96,17.16,76.62,28.82,220.13,220.0,60.08,60.0,30,20,print_001_170mms_20260611_101330.csv,170.0,False
1,44,2026-06-11 10:18:22,170.0,37.44,25.2,2.76,18.34,76.75,29.0,219.98,220.0,60.01,60.0,30,20,print_001_170mms_20260611_101330.csv,170.0,False
1,45,2026-06-11 10:18:30,170.0,37.56,24.5,3.13,17.75,76.56,28.85,219.94,220.0,60.04,60.0,30,20,print_001_170mms_20260611_101330.csv,170.0,False
1,46,2026-06-11 10:18:35,170.0,37.84,25.24,2.69,17.55,76.25,29.15,219.98,220.0,60.04,60.0,30,20,print_001_170mms_20260611_101330.csv,170.0,False
1,47,2026-06-11 10:18:43,170.0,37.44,25.14,2.75,18.34,75.88,29.05,220.02,220.0,60.05,60.0,30,20,print_001_170mms_20260611_101330.csv,170.0,False
1,48,2026-06-11 10:18:48,170.0,37.66,24.77,3.01,17.45,76.12,28.88,220.0,220.0,60.02,60.0,30,20,print_001_170mms_20260611_101330.csv,170.0,False
1,49,2026-06-11 10:18:56,170.0,37.75,25.17,2.87,18.55,75.75,29.06,219.97,220.0,60.01,60.0,30,20,print_001_170mms_20260611_101330.csv,170.0,False
1,50,2026-06-11 10:19:01,170.0,37.75,24.98,2.82,18.75,76.25,29.18,219.95,220.0,59.96,60.0,30,20,print_001_170mms_20260611_101330.csv,170.0,False
1,1,2026-06-11 11:16:45,20.0,43.16,24.66,5.04,16.95,74.44,28.63,221.69,220.0,60.54,60.0,30,20,print_001_20mms_20260611_111637.csv,20.0,True
1,2,2026-06-11 11:16:50,20.0,42.44,24.59,5.04,16.75,73.25,28.4,221.17,220.0,60.09,60.0,30,20,print_001_20mms_20260611_111637.csv,20.0,True
1,3,2026-06-11 11:16:58,20.0,42.56,24.67,5.04,16.25,73.94,28.41,218.77,220.0,59.43,60.0,30,20,print_001_20mms_20260611_111637.csv,20.0,True
1,4,2026-06-11 11:17:03,20.0,43.44,24.64,5.03,16.84,73.12,28.55,217.8,220.0,59.46,60.0,30,20,print_001_20mms_20260611_111637.csv,20.0,True
1,5,2026-06-11 11:17:11,20.0,42.75,24.7,5.05,17.55,73.12,28.63,217.6,220.0,59.47,60.0,30,20,print_001_20mms_20260611_111637.csv,20.0,True
1,6,2026-06-11 11:17:16,20.0,42.84,24.7,4.98,17.34,73.75,28.66,217.76,220.0,59.47,60.0,30,20,print_001_20mms_20260611_111637.csv,20.0,True
1,7,2026-06-11 11:17:24,20.0,42.44,24.74,4.99,16.25,75.25,28.74,218.3,220.0,59.52,60.0,30,20,print_001_20mms_20260611_111637.csv,20.0,True
1,8,2026-06-11 11:17:29,20.0,42.25,24.69,5.02,16.66,73.12,28.79,218.67,220.0,59.55,60.0,30,20,print_001_20mms_20260611_111637.csv,20.0,True
1,9,2026-06-11 11:17:37,20.0,42.44,24.75,5.02,16.66,73.56,28.86,219.37,220.0,59.75,60.0,30,20,print_001_20mms_20260611_111637.csv,20.0,True
1,10,2026-06-11 11:17:42,20.0,42.56,24.73,5.0,17.55,74.12,28.88,219.65,220.0,59.83,60.0,30,20,print_001_20mms_20260611_111637.csv,20.0,True
1,11,2026-06-11 11:17:50,20.0,42.25,24.74,4.98,16.95,73.62,28.9,219.98,220.0,60.01,60.0,30,20,print_001_20mms_20260611_111637.csv,20.0,True
1,12,2026-06-11 11:17:55,20.0,42.84,25.02,4.99,17.34,75.75,29.19,220.15,220.0,60.01,60.0,30,20,print_001_20mms_20260611_111637.csv,20.0,True
1,13,2026-06-11 11:18:02,20.0,42.94,24.76,4.99,17.16,73.62,28.97,220.3,220.0,59.98,60.0,30,20,print_001_20mms_20260611_111637.csv,20.0,True
1,14,2026-06-11 11:18:07,20.0,42.94,24.71,4.96,17.16,73.88,28.98,220.32,220.0,60.01,60.0,30,20,print_001_20mms_20260611_111637.csv,20.0,True
1,15,2026-06-11 11:18:15,20.0,42.25,24.72,4.97,17.16,73.56,29.02,220.04,220.0,60.1,60.0,30,20,print_001_20mms_20260611_111637.csv,20.0,True
1,16,2026-06-11 11:18:20,20.0,43.25,24.79,4.96,17.16,73.44,29.03,220.21,220.0,60.0,60.0,30,20,print_001_20mms_20260611_111637.csv,20.0,True
1,17,2026-06-11 11:18:28,20.0,42.56,24.79,4.97,17.16,73.38,29.05,220.06,220.0,60.0,60.0,30,20,print_001_20mms_20260611_111637.csv,20.0,True
1,18,2026-06-11 11:18:33,20.0,43.06,26.34,4.45,17.55,74.56,30.17,220.06,220.0,60.05,60.0,30,20,print_001_20mms_20260611_111637.csv,20.0,True
1,19,2026-06-11 11:18:43,20.0,42.56,26.29,4.6,17.34,74.94,30.14,,,,,30,20,print_001_20mms_20260611_111637.csv,20.0,True
1,20,2026-06-11 11:18:48,20.0,43.06,26.34,4.59,17.05,73.56,30.39,220.0,220.0,60.0,60.0,30,20,print_001_20mms_20260611_111637.csv,20.0,True
1,21,2026-06-11 11:18:54,20.0,42.25,26.33,4.5,17.75,74.75,30.35,220.06,220.0,60.01,60.0,30,20,print_001_20mms_20260611_111637.csv,20.0,True
1,22,2026-06-11 11:18:59,20.0,42.25,26.48,4.54,17.16,76.06,30.44,220.0,220.0,59.96,60.0,30,20,print_001_20mms_20260611_111637.csv,20.0,True
1,23,2026-06-11 11:19:07,20.0,43.84,26.47,4.59,17.55,76.12,30.44,220.11,220.0,59.97,60.0,30,20,print_001_20mms_20260611_111637.csv,20.0,False
1,24,2026-06-11 11:19:12,20.0,45.94,26.6,4.67,17.84,76.62,30.55,220.13,220.0,60.02,60.0,30,20,print_001_20mms_20260611_111637.csv,20.0,False
1,25,2026-06-11 11:19:20,20.0,43.06,25.82,4.68,17.05,76.75,30.03,220.17,220.0,60.0,60.0,30,20,print_001_20mms_20260611_111637.csv,20.0,True
1,26,2026-06-11 11:19:25,20.0,42.44,26.34,4.63,17.16,77.38,30.46,220.15,220.0,60.04,60.0,30,20,print_001_20mms_20260611_111637.csv,20.0,True
1,27,2026-06-11 11:19:30,20.0,42.75,26.65,4.6,17.55,75.44,30.7,220.04,220.0,59.96,60.0,30,20,print_001_20mms_20260611_111637.csv,20.0,True
1,28,2026-06-11 11:19:35,20.0,42.84,26.73,4.59,17.16,77.12,30.68,220.06,220.0,59.94,60.0,30,20,print_001_20mms_20260611_111637.csv,20.0,True
1,29,2026-06-11 11:19:45,20.0,43.16,26.74,4.59,16.75,76.75,30.68,,,,,30,20,print_001_20mms_20260611_111637.csv,20.0,True
1,30,2026-06-11 11:19:55,20.0,42.66,26.52,4.46,17.84,76.44,30.69,,,,,30,20,print_001_20mms_20260611_111637.csv,20.0,True
1,31,2026-06-11 11:20:00,20.0,42.06,25.39,4.79,17.05,76.25,30.04,220.04,220.0,60.02,60.0,30,20,print_001_20mms_20260611_111637.csv,20.0,True
1,32,2026-06-11 11:20:08,20.0,43.44,26.2,4.51,17.45,76.12,30.51,220.11,220.0,60.01,60.0,30,20,print_001_20mms_20260611_111637.csv,20.0,True
1,33,2026-06-11 11:20:13,20.0,42.66,26.05,4.72,16.95,76.44,30.34,220.08,220.0,59.97,60.0,30,20,print_001_20mms_20260611_111637.csv,20.0,True
1,34,2026-06-11 11:20:21,20.0,44.56,25.72,4.69,17.16,75.44,30.12,220.0,220.0,59.93,60.0,30,20,print_001_20mms_20260611_111637.csv,20.0,False
1,35,2026-06-11 11:20:26,20.0,42.16,25.54,4.74,17.16,77.75,30.1,220.06,220.0,60.01,60.0,30,20,print_001_20mms_20260611_111637.csv,20.0,True
1,36,2026-06-11 11:20:31,20.0,43.84,25.64,4.78,17.16,75.75,30.17,220.0,220.0,59.98,60.0,30,20,print_001_20mms_20260611_111637.csv,20.0,False
1,37,2026-06-11 11:20:36,20.0,42.94,25.15,4.91,16.84,74.94,29.84,220.04,220.0,59.98,60.0,30,20,print_001_20mms_20260611_111637.csv,20.0,True
1,38,2026-06-11 11:20:44,20.0,42.44,24.62,4.96,17.05,75.38,29.57,220.06,220.0,60.01,60.0,30,20,print_001_20mms_20260611_111637.csv,20.0,True
1,39,2026-06-11 11:20:49,20.0,43.06,24.73,5.01,17.25,73.88,29.66,220.02,220.0,59.98,60.0,30,20,print_001_20mms_20260611_111637.csv,20.0,True
1,40,2026-06-11 11:20:55,20.0,42.84,24.76,4.99,17.05,75.38,29.67,219.97,220.0,59.98,60.0,30,20,print_001_20mms_20260611_111637.csv,20.0,True
1,41,2026-06-11 11:21:00,20.0,42.84,24.66,5.05,17.05,75.25,29.67,220.02,220.0,59.96,60.0,30,20,print_001_20mms_20260611_111637.csv,20.0,True
1,42,2026-06-11 11:21:08,20.0,42.56,24.69,5.03,16.84,75.06,29.69,219.95,220.0,59.98,60.0,30,20,print_001_20mms_20260611_111637.csv,20.0,True
1,43,2026-06-11 11:21:13,20.0,42.66,24.68,5.02,16.66,75.56,29.77,220.02,220.0,60.01,60.0,30,20,print_001_20mms_20260611_111637.csv,20.0,True
1,44,2026-06-11 11:21:21,20.0,42.34,24.69,5.01,17.25,75.44,29.75,220.02,220.0,60.04,60.0,30,20,print_001_20mms_20260611_111637.csv,20.0,True
1,45,2026-06-11 11:21:26,20.0,43.06,24.62,5.03,15.75,74.44,29.69,220.0,220.0,60.02,60.0,30,20,print_001_20mms_20260611_111637.csv,20.0,True
1,46,2026-06-11 11:21:31,20.0,43.44,24.69,5.04,17.05,76.38,29.75,220.06,220.0,60.0,60.0,30,20,print_001_20mms_20260611_111637.csv,20.0,True
1,47,2026-06-11 11:21:36,20.0,43.06,24.72,5.0,16.84,76.25,29.78,219.97,220.0,59.96,60.0,30,20,print_001_20mms_20260611_111637.csv,20.0,True
1,48,2026-06-11 11:21:41,20.0,43.34,24.69,4.99,17.45,75.56,29.78,220.0,220.0,60.01,60.0,30,20,print_001_20mms_20260611_111637.csv,20.0,True
1,49,2026-06-11 11:21:46,20.0,43.34,24.71,5.03,16.84,76.12,29.83,219.98,220.0,60.02,60.0,30,20,print_001_20mms_20260611_111637.csv,20.0,True
1,50,2026-06-11 11:21:54,20.0,42.56,24.68,5.06,17.05,76.44,29.81,219.98,220.0,60.05,60.0,30,20,print_001_20mms_20260611_111637.csv,20.0,True
1,1,2026-06-11 11:07:15,40.0,43.34,24.69,4.97,17.45,75.25,28.51,222.63,220.0,60.54,60.0,30,20,print_001_40mms_20260611_110707.csv,40.0,True
1,2,2026-06-11 11:07:20,40.0,43.34,24.61,4.93,17.66,73.75,28.32,221.29,220.0,60.18,60.0,30,20,print_001_40mms_20260611_110707.csv,40.0,True
1,3,2026-06-11 11:07:28,40.0,42.66,24.5,4.98,17.05,72.44,28.23,219.29,220.0,59.4,60.0,30,20,print_001_40mms_20260611_110707.csv,40.0,True
1,4,2026-06-11 11:07:33,40.0,42.34,24.51,4.95,16.25,74.38,28.34,217.96,220.0,59.48,60.0,30,20,print_001_40mms_20260611_110707.csv,40.0,True
1,5,2026-06-11 11:07:40,40.0,42.25,24.55,4.92,16.95,74.44,28.4,217.58,220.0,59.4,60.0,30,20,print_001_40mms_20260611_110707.csv,40.0,True
1,6,2026-06-11 11:07:46,40.0,42.44,24.55,4.95,17.34,73.25,28.49,217.69,220.0,59.39,60.0,30,20,print_001_40mms_20260611_110707.csv,40.0,True
1,7,2026-06-11 11:07:53,40.0,44.06,24.55,4.99,16.84,73.06,28.53,218.21,220.0,59.55,60.0,30,20,print_001_40mms_20260611_110707.csv,40.0,False
1,8,2026-06-11 11:07:58,40.0,41.84,24.49,4.92,16.16,73.94,28.53,218.67,220.0,59.63,60.0,30,20,print_001_40mms_20260611_110707.csv,40.0,True
1,9,2026-06-11 11:08:06,40.0,42.34,24.46,4.95,16.45,73.12,28.54,219.36,220.0,59.76,60.0,30,20,print_001_40mms_20260611_110707.csv,40.0,True
1,10,2026-06-11 11:08:11,40.0,43.25,24.48,4.96,17.25,73.75,28.62,219.62,220.0,59.73,60.0,30,20,print_001_40mms_20260611_110707.csv,40.0,True
1,11,2026-06-11 11:08:19,40.0,42.34,24.44,4.97,16.95,72.94,28.66,220.08,220.0,59.88,60.0,30,20,print_001_40mms_20260611_110707.csv,40.0,True
1,12,2026-06-11 11:08:24,40.0,42.06,24.51,4.92,16.95,74.56,28.68,220.13,220.0,59.92,60.0,30,20,print_001_40mms_20260611_110707.csv,40.0,True
1,13,2026-06-11 11:08:29,40.0,42.25,24.48,4.97,16.75,72.25,28.69,220.42,220.0,59.96,60.0,30,20,print_001_40mms_20260611_110707.csv,40.0,True
1,14,2026-06-11 11:08:34,40.0,43.25,24.45,4.96,16.55,72.62,28.72,220.21,220.0,59.97,60.0,30,20,print_001_40mms_20260611_110707.csv,40.0,True
1,15,2026-06-11 11:08:44,40.0,42.66,24.42,4.97,16.95,72.94,28.7,,,,,30,20,print_001_40mms_20260611_110707.csv,40.0,True
1,16,2026-06-11 11:08:49,40.0,42.66,24.43,4.92,16.95,72.94,28.78,220.17,220.0,59.94,60.0,30,20,print_001_40mms_20260611_110707.csv,40.0,True
1,17,2026-06-11 11:08:57,40.0,43.44,24.46,4.91,17.34,73.38,28.83,220.15,220.0,60.02,60.0,30,20,print_001_40mms_20260611_110707.csv,40.0,True
1,18,2026-06-11 11:09:02,40.0,43.16,24.38,4.96,16.84,72.94,28.83,220.13,220.0,60.04,60.0,30,20,print_001_40mms_20260611_110707.csv,40.0,True
1,19,2026-06-11 11:09:10,40.0,42.94,24.42,4.96,16.34,73.25,28.88,220.02,220.0,60.02,60.0,30,20,print_001_40mms_20260611_110707.csv,40.0,True
1,20,2026-06-11 11:09:15,40.0,42.44,24.4,4.94,16.84,72.94,28.87,220.11,220.0,60.01,60.0,30,20,print_001_40mms_20260611_110707.csv,40.0,True
1,21,2026-06-11 11:09:23,40.0,42.44,24.39,4.9,16.55,72.94,28.89,219.97,220.0,59.98,60.0,30,20,print_001_40mms_20260611_110707.csv,40.0,True
1,22,2026-06-11 11:09:28,40.0,42.06,24.4,4.92,16.34,74.12,28.97,219.98,220.0,59.97,60.0,30,20,print_001_40mms_20260611_110707.csv,40.0,True
1,23,2026-06-11 11:09:36,40.0,42.66,24.41,4.91,16.75,75.12,28.99,220.0,220.0,59.96,60.0,30,20,print_001_40mms_20260611_110707.csv,40.0,True
1,24,2026-06-11 11:09:41,40.0,43.56,24.57,4.89,17.45,74.62,29.15,220.06,220.0,59.96,60.0,30,20,print_001_40mms_20260611_110707.csv,40.0,False
1,25,2026-06-11 11:09:49,40.0,42.34,24.44,4.89,16.95,75.38,29.02,220.15,220.0,60.02,60.0,30,20,print_001_40mms_20260611_110707.csv,40.0,True
1,26,2026-06-11 11:09:54,40.0,43.06,24.5,4.92,16.75,76.38,29.14,220.08,220.0,60.0,60.0,30,20,print_001_40mms_20260611_110707.csv,40.0,True
1,27,2026-06-11 11:10:01,40.0,42.06,24.51,4.91,16.84,75.12,29.12,220.17,220.0,59.97,60.0,30,20,print_001_40mms_20260611_110707.csv,40.0,True
1,28,2026-06-11 11:10:07,40.0,42.25,24.51,4.88,16.75,76.12,29.14,220.13,220.0,60.0,60.0,30,20,print_001_40mms_20260611_110707.csv,40.0,True
1,29,2026-06-11 11:10:14,40.0,42.56,24.55,4.92,17.66,76.56,29.2,220.17,220.0,59.96,60.0,30,20,print_001_40mms_20260611_110707.csv,40.0,True
1,30,2026-06-11 11:10:19,40.0,42.34,24.52,4.92,16.34,75.25,29.22,220.13,220.0,60.01,60.0,30,20,print_001_40mms_20260611_110707.csv,40.0,True
1,31,2026-06-11 11:10:27,40.0,44.25,24.53,4.91,16.55,77.25,29.22,220.11,220.0,59.97,60.0,30,20,print_001_40mms_20260611_110707.csv,40.0,False
1,32,2026-06-11 11:10:32,40.0,42.66,24.62,4.91,17.16,76.12,29.29,220.11,220.0,59.93,60.0,30,20,print_001_40mms_20260611_110707.csv,40.0,True
1,33,2026-06-11 11:10:40,40.0,42.56,24.61,4.9,17.55,75.75,29.33,220.0,220.0,59.98,60.0,30,20,print_001_40mms_20260611_110707.csv,40.0,True
1,34,2026-06-11 11:10:45,40.0,42.56,24.55,4.88,16.45,75.75,29.34,220.06,220.0,59.94,60.0,30,20,print_001_40mms_20260611_110707.csv,40.0,True
1,35,2026-06-11 11:10:53,40.0,43.44,24.56,4.92,17.16,76.12,29.34,220.06,220.0,59.97,60.0,30,20,print_001_40mms_20260611_110707.csv,40.0,True
1,36,2026-06-11 11:10:58,40.0,42.84,24.63,4.91,17.16,75.44,29.39,220.08,220.0,60.06,60.0,30,20,print_001_40mms_20260611_110707.csv,40.0,True
1,37,2026-06-11 11:11:06,40.0,42.94,24.59,4.93,16.25,75.62,29.38,220.02,220.0,59.98,60.0,30,20,print_001_40mms_20260611_110707.csv,40.0,True
1,38,2026-06-11 11:11:11,40.0,42.66,24.63,4.91,17.16,75.44,29.47,219.98,220.0,59.98,60.0,30,20,print_001_40mms_20260611_110707.csv,40.0,True
1,39,2026-06-11 11:11:19,40.0,42.34,24.65,4.85,16.75,75.88,29.46,219.98,220.0,59.96,60.0,30,20,print_001_40mms_20260611_110707.csv,40.0,True
1,40,2026-06-11 11:11:24,40.0,42.94,24.65,4.96,16.05,76.25,29.48,219.9,220.0,59.93,60.0,30,20,print_001_40mms_20260611_110707.csv,40.0,True
1,41,2026-06-11 11:11:29,40.0,42.84,24.7,4.92,16.25,77.06,29.56,219.97,220.0,59.92,60.0,30,20,print_001_40mms_20260611_110707.csv,40.0,True
1,42,2026-06-11 11:11:34,40.0,43.25,24.72,4.96,16.95,77.06,29.56,220.02,220.0,59.94,60.0,30,20,print_001_40mms_20260611_110707.csv,40.0,True
1,43,2026-06-11 11:11:42,40.0,43.25,24.64,4.95,16.66,78.38,29.53,220.04,220.0,59.97,60.0,30,20,print_001_40mms_20260611_110707.csv,40.0,True
1,44,2026-06-11 11:11:47,40.0,42.94,24.68,4.94,16.95,77.06,29.6,220.02,220.0,60.04,60.0,30,20,print_001_40mms_20260611_110707.csv,40.0,True
1,45,2026-06-11 11:11:54,40.0,42.66,24.68,4.96,17.16,77.44,29.56,219.98,220.0,60.04,60.0,30,20,print_001_40mms_20260611_110707.csv,40.0,True
1,46,2026-06-11 11:12:00,40.0,42.94,24.69,4.9,16.75,77.38,29.66,220.04,220.0,60.05,60.0,30,20,print_001_40mms_20260611_110707.csv,40.0,True
1,47,2026-06-11 11:12:07,40.0,42.84,24.61,4.93,17.45,75.88,29.69,219.98,220.0,60.0,60.0,30,20,print_001_40mms_20260611_110707.csv,40.0,True
1,48,2026-06-11 11:12:12,40.0,41.94,24.72,4.95,17.34,77.06,29.7,219.97,220.0,60.05,60.0,30,20,print_001_40mms_20260611_110707.csv,40.0,True
1,49,2026-06-11 11:12:20,40.0,42.34,24.68,4.91,16.55,76.94,29.64,220.0,220.0,60.0,60.0,30,20,print_001_40mms_20260611_110707.csv,40.0,True
1,50,2026-06-11 11:12:25,40.0,42.66,24.68,4.96,16.55,76.06,29.7,220.02,220.0,59.96,60.0,30,20,print_001_40mms_20260611_110707.csv,40.0,True
1,1,2026-06-11 10:56:46,70.0,42.56,24.41,4.77,16.95,75.56,28.18,,,,,30,20,print_001_70mms_20260611_105636.csv,70.0,True
1,2,2026-06-11 10:56:54,70.0,42.56,24.3,4.79,16.95,73.62,27.96,219.73,220.0,59.63,60.0,30,20,print_001_70mms_20260611_105636.csv,70.0,True
1,3,2026-06-11 10:56:59,70.0,41.66,24.11,4.82,16.45,72.75,27.98,218.51,220.0,59.4,60.0,30,20,print_001_70mms_20260611_105636.csv,70.0,True
1,4,2026-06-11 10:57:07,70.0,41.66,24.13,4.87,17.16,73.75,27.94,217.68,220.0,59.42,60.0,30,20,print_001_70mms_20260611_105636.csv,70.0,True
1,5,2026-06-11 10:57:12,70.0,41.16,24.1,4.82,16.55,72.56,28.02,217.64,220.0,59.39,60.0,30,20,print_001_70mms_20260611_105636.csv,70.0,True
1,6,2026-06-11 10:57:19,70.0,42.34,24.16,4.84,16.34,73.06,28.18,217.95,220.0,59.52,60.0,30,20,print_001_70mms_20260611_105636.csv,70.0,True
1,7,2026-06-11 10:57:25,70.0,43.06,24.22,4.81,16.55,73.88,28.22,218.33,220.0,59.59,60.0,30,20,print_001_70mms_20260611_105636.csv,70.0,True
1,8,2026-06-11 10:57:30,70.0,41.66,24.14,4.87,16.95,73.75,28.27,218.94,220.0,59.67,60.0,30,20,print_001_70mms_20260611_105636.csv,70.0,True
1,9,2026-06-11 10:57:35,70.0,42.06,24.2,4.81,16.55,72.94,28.32,219.2,220.0,59.71,60.0,30,20,print_001_70mms_20260611_105636.csv,70.0,True
1,10,2026-06-11 10:57:43,70.0,42.56,24.1,4.84,16.55,73.56,28.35,219.66,220.0,59.87,60.0,30,20,print_001_70mms_20260611_105636.csv,70.0,True
1,11,2026-06-11 10:57:48,70.0,42.16,24.2,4.83,16.75,73.75,28.45,220.11,220.0,59.89,60.0,30,20,print_001_70mms_20260611_105636.csv,70.0,True
1,12,2026-06-11 10:57:55,70.0,42.06,24.28,4.8,17.45,74.56,28.54,220.19,220.0,59.98,60.0,30,20,print_001_70mms_20260611_105636.csv,70.0,True
1,13,2026-06-11 10:58:00,70.0,41.66,24.33,4.8,16.75,75.12,28.69,220.15,220.0,60.01,60.0,30,20,print_001_70mms_20260611_105636.csv,70.0,True
1,14,2026-06-11 10:58:08,70.0,42.56,24.22,4.83,16.95,73.94,28.55,220.11,220.0,60.04,60.0,30,20,print_001_70mms_20260611_105636.csv,70.0,True
1,15,2026-06-11 10:58:13,70.0,42.34,24.4,4.79,15.55,73.62,28.74,220.28,220.0,60.05,60.0,30,20,print_001_70mms_20260611_105636.csv,70.0,True
1,16,2026-06-11 10:58:21,70.0,40.94,24.37,4.78,16.34,74.38,28.78,220.13,220.0,59.98,60.0,30,20,print_001_70mms_20260611_105636.csv,70.0,True
1,17,2026-06-11 10:58:26,70.0,42.16,24.28,4.78,16.84,72.75,28.78,220.17,220.0,60.09,60.0,30,20,print_001_70mms_20260611_105636.csv,70.0,True
1,18,2026-06-11 10:58:34,70.0,42.44,24.7,4.72,17.05,73.06,28.99,220.06,220.0,60.1,60.0,30,20,print_001_70mms_20260611_105636.csv,70.0,True
1,19,2026-06-11 10:58:39,70.0,42.16,24.25,4.78,16.84,73.06,28.73,220.13,220.0,60.1,60.0,30,20,print_001_70mms_20260611_105636.csv,70.0,True
1,20,2026-06-11 10:58:47,70.0,42.56,24.35,4.77,16.95,72.94,28.85,219.97,220.0,60.04,60.0,30,20,print_001_70mms_20260611_105636.csv,70.0,True
1,21,2026-06-11 10:58:52,70.0,41.84,24.32,4.75,17.16,74.38,28.83,220.04,220.0,60.0,60.0,30,20,print_001_70mms_20260611_105636.csv,70.0,True
1,22,2026-06-11 10:59:00,70.0,40.75,24.26,4.76,16.55,74.44,28.8,220.06,220.0,59.96,60.0,30,20,print_001_70mms_20260611_105636.csv,70.0,True
1,23,2026-06-11 10:59:05,70.0,43.25,24.39,4.77,16.45,75.75,28.92,220.06,220.0,59.92,60.0,30,20,print_001_70mms_20260611_105636.csv,70.0,True
1,24,2026-06-11 10:59:13,70.0,41.06,24.51,4.73,16.95,75.88,29.0,220.04,220.0,59.97,60.0,30,20,print_001_70mms_20260611_105636.csv,70.0,True
1,25,2026-06-11 10:59:18,70.0,42.56,24.33,4.8,17.05,75.75,28.91,220.15,220.0,60.06,60.0,30,20,print_001_70mms_20260611_105636.csv,70.0,True
1,26,2026-06-11 10:59:25,70.0,42.94,24.3,4.8,17.16,76.75,28.89,220.17,220.0,60.0,60.0,30,20,print_001_70mms_20260611_105636.csv,70.0,True
1,27,2026-06-11 10:59:31,70.0,42.44,24.29,4.78,16.66,76.12,28.88,220.04,220.0,59.98,60.0,30,20,print_001_70mms_20260611_105636.csv,70.0,True
1,28,2026-06-11 10:59:38,70.0,42.84,24.28,4.79,16.66,76.88,29.0,220.06,220.0,59.94,60.0,30,20,print_001_70mms_20260611_105636.csv,70.0,True
1,29,2026-06-11 10:59:44,70.0,41.94,24.32,4.76,16.66,77.12,29.11,220.13,220.0,59.97,60.0,30,20,print_001_70mms_20260611_105636.csv,70.0,True
1,30,2026-06-11 10:59:51,70.0,42.25,24.4,4.8,16.84,76.44,29.09,220.04,220.0,59.98,60.0,30,20,print_001_70mms_20260611_105636.csv,70.0,True
1,31,2026-06-11 10:59:56,70.0,41.84,24.38,4.76,16.25,75.88,29.1,220.04,220.0,60.01,60.0,30,20,print_001_70mms_20260611_105636.csv,70.0,True
1,32,2026-06-11 11:00:04,70.0,41.94,24.58,4.67,17.75,76.88,29.26,220.11,220.0,60.02,60.0,30,20,print_001_70mms_20260611_105636.csv,70.0,True
1,33,2026-06-11 11:00:09,70.0,42.16,24.38,4.8,16.66,75.94,29.19,220.08,220.0,60.04,60.0,30,20,print_001_70mms_20260611_105636.csv,70.0,True
1,34,2026-06-11 11:00:17,70.0,42.66,24.42,4.77,16.95,75.94,29.23,220.04,220.0,59.98,60.0,30,20,print_001_70mms_20260611_105636.csv,70.0,True
1,35,2026-06-11 11:00:22,70.0,42.56,24.53,4.75,17.16,76.44,29.27,220.08,220.0,59.93,60.0,30,20,print_001_70mms_20260611_105636.csv,70.0,True
1,36,2026-06-11 11:00:30,70.0,41.34,24.52,4.77,17.16,76.62,29.28,220.04,220.0,60.0,60.0,30,20,print_001_70mms_20260611_105636.csv,70.0,True
1,37,2026-06-11 11:00:35,70.0,42.56,24.47,4.8,17.16,75.25,29.35,220.02,220.0,59.98,60.0,30,20,print_001_70mms_20260611_105636.csv,70.0,True
1,38,2026-06-11 11:00:45,70.0,42.25,24.52,4.76,16.66,75.56,29.31,,,,,30,20,print_001_70mms_20260611_105636.csv,70.0,True
1,39,2026-06-11 11:00:53,70.0,41.56,24.53,4.81,17.05,76.75,29.31,220.0,220.0,59.98,60.0,30,20,print_001_70mms_20260611_105636.csv,70.0,True
1,40,2026-06-11 11:00:58,70.0,42.84,24.52,4.79,17.16,76.38,29.44,220.0,220.0,59.94,60.0,30,20,print_001_70mms_20260611_105636.csv,70.0,True
1,41,2026-06-11 11:01:06,70.0,42.06,24.55,4.82,15.65,76.06,29.44,219.98,220.0,60.02,60.0,30,20,print_001_70mms_20260611_105636.csv,70.0,True
1,42,2026-06-11 11:01:11,70.0,42.56,24.56,4.82,17.16,75.62,29.43,220.0,220.0,60.02,60.0,30,20,print_001_70mms_20260611_105636.csv,70.0,True
1,43,2026-06-11 11:01:19,70.0,43.56,24.53,4.77,17.16,76.38,29.45,219.98,220.0,60.02,60.0,30,20,print_001_70mms_20260611_105636.csv,70.0,False
1,44,2026-06-11 11:01:24,70.0,41.75,24.52,4.79,16.55,75.56,29.47,220.0,220.0,60.06,60.0,30,20,print_001_70mms_20260611_105636.csv,70.0,True
1,45,2026-06-11 11:01:29,70.0,41.66,24.51,4.8,17.66,75.88,29.52,219.95,220.0,59.98,60.0,30,20,print_001_70mms_20260611_105636.csv,70.0,True
1,46,2026-06-11 11:01:34,70.0,42.44,24.55,4.81,17.45,76.06,29.55,219.98,220.0,59.94,60.0,30,20,print_001_70mms_20260611_105636.csv,70.0,True
1,47,2026-06-11 11:01:44,70.0,41.75,24.45,4.83,16.84,76.25,29.54,,,,,30,20,print_001_70mms_20260611_105636.csv,70.0,True
1,48,2026-06-11 11:01:52,70.0,41.94,24.56,4.83,16.75,75.12,29.68,220.0,220.0,60.01,60.0,30,20,print_001_70mms_20260611_105636.csv,70.0,True
1,49,2026-06-11 11:01:57,70.0,42.66,24.65,4.85,17.45,75.56,29.74,220.0,220.0,60.04,60.0,30,20,print_001_70mms_20260611_105636.csv,70.0,True
1,50,2026-06-11 11:02:04,70.0,43.44,24.57,4.9,17.25,76.12,29.73,220.02,220.0,60.08,60.0,30,20,print_001_70mms_20260611_105636.csv,70.0,True
